<?xml version="1.0" encoding="UTF-8"?>
<beans:beans xmlns="http://www.springframework.org/schema/mvc"
	xmlns:xsi="http://www.w3.org/2001/XMLSchema-instance" xmlns:beans="http://www.springframework.org/schema/beans"
	xmlns:context="http://www.springframework.org/schema/context" xmlns:tx="http://www.springframework.org/schema/tx"
	xmlns:jpa="http://www.springframework.org/schema/data/jpa"
	xsi:schemaLocation="http://www.springframework.org/schema/mvc http://www.springframework.org/schema/mvc/spring-mvc.xsd
		http://www.springframework.org/schema/beans http://www.springframework.org/schema/beans/spring-beans.xsd
		http://www.springframework.org/schema/data/jpa http://www.springframework.org/schema/data/jpa/spring-jpa.xsd
		http://www.springframework.org/schema/context http://www.springframework.org/schema/context/spring-context.xsd
		http://www.springframework.org/schema/tx http://www.springframework.org/schema/tx/spring-tx-4.0.xsd">

	<annotation-driven />
	<context:component-scan base-package="org.spring.web" />
	<!-- <resources mapping="/resources/**" location="/resources/" />
	<beans:bean
		class="org.springframework.web.servlet.view.InternalResourceViewResolver">
		<beans:property name="prefix" value="/WEB-INF/views/" />
		<beans:property name="suffix" value=".jsp" />
	</beans:bean> -->

	<beans:bean id="transactionManager"
		class="org.springframework.orm.jpa.JpaTransactionManager">
		<beans:property name="entityManagerFactory" ref="entityManagerFactory" />
	</beans:bean>
	<jpa:repositories base-package="org.spring.web.repository" />

	<beans:bean id="entityManagerFactory"
		class="org.springframework.orm.jpa.LocalContainerEntityManagerFactoryBean">
		<beans:property name="dataSource" ref="dataSource" />
		<beans:property name="packagesToScan" value="org.spring.web.model" />
		<beans:property name="jpaVendorAdapter">
			<beans:bean
				class="org.springframework.orm.jpa.vendor.HibernateJpaVendorAdapter">
				<beans:property name="generateDdl" value="true" />
				<beans:property name="showSql" value="true" />
			</beans:bean>
		</beans:property>
	</beans:bean>

	<beans:bean id="dataSource" class="org.apache.commons.dbcp.BasicDataSource"
		destroy-method="close">
		<beans:property name="driverClassName" value="com.mysql.jdbc.Driver" />
		<beans:property name="url"
			value="jdbc:mysql://localhost:3306/mysql_training" />
		<beans:property name="username" value="root" />
		<beans:property name="password" value="admin" />
	</beans:bean>


</beans:beans>
